epoch,steps,cosine_pearson,cosine_spearman,euclidean_pearson,euclidean_spearman,manhattan_pearson,manhattan_spearman,dot_pearson,dot_spearman
0,-1,0.8566110182792435,0.8571365607588555,0.8449746500690103,0.853392921675777,0.8448490280704858,0.853231405418826,0.841237045976376,0.8411805931051849
1,-1,0.8560496408550232,0.8581470027409036,0.8457518325121722,0.8531775834488781,0.8459103631525646,0.8534588469881768,0.8410970496541934,0.8417680952894636
2,-1,0.8600334127240129,0.861320996935479,0.8503728807280051,0.8577409246763803,0.8502383755179088,0.8579154247968046,0.8472125293564985,0.8469971665091118
3,-1,0.8590568612830586,0.8605106947719762,0.8493205903173533,0.856982736302809,0.8492279469830302,0.8573266218993623,0.8460829027793364,0.8464061589843388
